tool,file,layer,expected_finding,detected,n_findings,runtime_s,exit_code,crashed
validate-actions,B_iterative_cml-playground_checks-pr__execution.yml,execution,nonexistent-seed-job,1,1,0.0036,1,0
validate-actions,B_iterative_cml-playground_checks-pr__schema.yml,schema,shell,1,1,0.0018,1,0
validate-actions,B_iterative_cml-playground_checks-pr__syntax.yml,syntax,syntax,1,2,0.0018,1,0
validate-actions,B_iterative_cml-playground_checks-publish__execution.yml,execution,nonexistent-seed-job,1,1,2.0987,1,0
validate-actions,B_iterative_cml-playground_checks-publish__schema.yml,schema,shell,1,1,1.0477,1,0
validate-actions,B_iterative_cml-playground_checks-publish__syntax.yml,syntax,syntax,1,2,0.0048,1,0
validate-actions,C_evidentlyai_evidently-ci-example_local__registry.yml,registry,unknown_input,1,1,2.1414,1,0
validate-actions,C_evidentlyai_evidently-ci-example_local__syntax.yml,syntax,syntax,1,3,0.0048,1,0
validate-actions,TheAlgorithms_Python_devcontainer_ci__execution.yml,execution,nonexistent-seed-job,1,1,3.2708,1,0
validate-actions,TheAlgorithms_Python_devcontainer_ci__registry.yml,registry,unknown_input,1,1,5.9017,1,0
validate-actions,TheAlgorithms_Python_devcontainer_ci__schema.yml,schema,shell,1,1,1.1164,1,0
validate-actions,TheAlgorithms_Python_devcontainer_ci__syntax.yml,syntax,syntax,1,2,0.0042,1,0
validate-actions,TheAlgorithms_Python_sphinx__execution.yml,execution,nonexistent-seed-job,1,1,4.6269,1,0
validate-actions,TheAlgorithms_Python_sphinx__registry.yml,registry,unknown_input,1,1,2.8801,1,0
validate-actions,TheAlgorithms_Python_sphinx__schema.yml,schema,shell,1,1,3.6940,1,0
validate-actions,TheAlgorithms_Python_sphinx__syntax.yml,syntax,syntax,1,3,0.0049,1,0
validate-actions,angular_angular_adev-preview-deploy__execution.yml,execution,nonexistent-seed-job,1,1,2.5493,1,0
validate-actions,angular_angular_adev-preview-deploy__registry.yml,registry,unknown_input,1,1,1.2267,1,0
validate-actions,angular_angular_adev-preview-deploy__schema.yml,schema,shell,1,1,1.0793,1,0
validate-actions,angular_angular_adev-preview-deploy__syntax.yml,syntax,syntax,1,2,0.0042,1,0
validate-actions,ant-design_ant-design_visual-regression-persist-finish__registry.yml,registry,unknown_input,0,2,0.0038,1,0
validate-actions,ant-design_ant-design_visual-regression-persist-finish__syntax.yml,syntax,syntax,1,2,0.0024,1,0
validate-actions,axios_axios_ci__execution.yml,execution,nonexistent-seed-job,1,1,3.0951,1,0
validate-actions,axios_axios_ci__registry.yml,registry,unknown_input,1,1,1.7707,1,0
validate-actions,axios_axios_ci__schema.yml,schema,shell,1,1,1.6193,1,0
validate-actions,axios_axios_ci__syntax.yml,syntax,syntax,1,2,0.0031,1,0
validate-actions,d3_d3_deploy__execution.yml,execution,nonexistent-seed-job,1,1,2.5888,1,0
validate-actions,d3_d3_deploy__registry.yml,registry,unknown_input,1,1,2.1915,1,0
validate-actions,d3_d3_deploy__schema.yml,schema,shell,1,1,2.5241,1,0
validate-actions,d3_d3_deploy__syntax.yml,syntax,syntax,1,3,0.0041,1,0
validate-actions,electron_electron_scorecards__registry.yml,registry,unknown_input,1,1,2.2318,1,0
validate-actions,electron_electron_scorecards__syntax.yml,syntax,syntax,1,3,0.0055,1,0
validate-actions,excalidraw_excalidraw_test__execution.yml,execution,nonexistent-seed-job,1,1,1.0247,1,0
validate-actions,excalidraw_excalidraw_test__registry.yml,registry,unknown_input,1,1,1.0850,1,0
validate-actions,excalidraw_excalidraw_test__schema.yml,schema,shell,1,1,0.9276,1,0
validate-actions,excalidraw_excalidraw_test__syntax.yml,syntax,syntax,1,2,0.0036,1,0
validate-actions,facebook_react_runtime_fuzz_tests__execution.yml,execution,nonexistent-seed-job,1,1,1.0879,1,0
validate-actions,facebook_react_runtime_fuzz_tests__registry.yml,registry,unknown_input,1,1,0.9650,1,0
validate-actions,facebook_react_runtime_fuzz_tests__schema.yml,schema,shell,0,0,1.2197,0,0
validate-actions,facebook_react_runtime_fuzz_tests__syntax.yml,syntax,syntax,1,2,0.0051,1,0
validate-actions,facebook_react_shared_cleanup_stale_branch_caches__execution.yml,execution,nonexistent-seed-job,1,1,0.0032,1,0
validate-actions,facebook_react_shared_cleanup_stale_branch_caches__schema.yml,schema,shell,1,1,0.0026,1,0
validate-actions,facebook_react_shared_cleanup_stale_branch_caches__syntax.yml,syntax,syntax,1,2,0.0026,1,0
validate-actions,flutter_flutter_easy-cp__registry.yml,registry,unknown_input,1,1,0.5578,1,0
validate-actions,flutter_flutter_easy-cp__syntax.yml,syntax,syntax,1,2,0.0045,1,0
validate-actions,flutter_flutter_merge-changelog__execution.yml,execution,nonexistent-seed-job,1,1,0.5506,1,0
validate-actions,flutter_flutter_merge-changelog__registry.yml,registry,unknown_input,1,1,0.5704,1,0
validate-actions,flutter_flutter_merge-changelog__schema.yml,schema,shell,1,1,0.5429,1,0
validate-actions,flutter_flutter_merge-changelog__syntax.yml,syntax,syntax,1,2,0.0048,1,0
validate-actions,freeCodeCamp_freeCodeCamp_docker-ghcr__execution.yml,execution,nonexistent-seed-job,1,1,2.7091,1,0
validate-actions,freeCodeCamp_freeCodeCamp_docker-ghcr__registry.yml,registry,unknown_input,1,1,2.2370,1,0
validate-actions,freeCodeCamp_freeCodeCamp_docker-ghcr__schema.yml,schema,shell,1,1,2.2771,1,0
validate-actions,freeCodeCamp_freeCodeCamp_docker-ghcr__syntax.yml,syntax,syntax,1,2,0.0037,1,0
validate-actions,freeCodeCamp_freeCodeCamp_i18n-validate-prs__registry.yml,registry,unknown_input,1,1,1.6902,1,0
validate-actions,freeCodeCamp_freeCodeCamp_i18n-validate-prs__syntax.yml,syntax,syntax,1,2,0.0056,1,0
validate-actions,godotengine_godot_cache_cleanup__syntax.yml,syntax,syntax,1,2,0.0039,1,0
validate-actions,huggingface_transformers_self-past-caller__registry.yml,registry,unknown_input,0,0,0.0038,0,0
validate-actions,huggingface_transformers_self-past-caller__syntax.yml,syntax,syntax,1,2,0.0025,1,0
validate-actions,langchain-ai_langchain_check-broken-links__registry.yml,registry,unknown_input,1,1,0.8783,1,0
validate-actions,langchain-ai_langchain_check-broken-links__syntax.yml,syntax,syntax,1,2,0.9128,1,0
validate-actions,langflow-ai_langflow_add-labels__execution.yml,execution,nonexistent-seed-job,1,1,0.7145,1,0
validate-actions,langflow-ai_langflow_add-labels__registry.yml,registry,unknown_input,0,2,0.0046,1,0
validate-actions,langflow-ai_langflow_add-labels__schema.yml,schema,shell,1,1,0.6002,1,0
validate-actions,langflow-ai_langflow_add-labels__syntax.yml,syntax,syntax,1,2,0.0042,1,0
validate-actions,langflow-ai_langflow_lint-py__registry.yml,registry,unknown_input,1,1,1.0992,1,0
validate-actions,langflow-ai_langflow_lint-py__syntax.yml,syntax,syntax,1,2,0.0041,1,0
validate-actions,microsoft_PowerToys_dependency-review__execution.yml,execution,nonexistent-seed-job,1,1,0.9588,1,0
validate-actions,microsoft_PowerToys_dependency-review__schema.yml,schema,shell,1,1,1.0921,1,0
validate-actions,microsoft_PowerToys_dependency-review__syntax.yml,syntax,syntax,1,2,0.0050,1,0
validate-actions,microsoft_TypeScript_codeql__registry.yml,registry,unknown_input,1,1,1.3848,1,0
validate-actions,microsoft_TypeScript_codeql__schema.yml,schema,shell,1,1,1.2545,1,0
validate-actions,microsoft_TypeScript_codeql__syntax.yml,syntax,syntax,1,2,1.0698,1,0
validate-actions,microsoft_Web-Dev-For-Beginners_lock__execution.yml,execution,nonexistent-seed-job,1,1,0.9465,1,0
validate-actions,microsoft_Web-Dev-For-Beginners_lock__registry.yml,registry,unknown_input,1,1,0.7759,1,0
validate-actions,microsoft_Web-Dev-For-Beginners_lock__schema.yml,schema,shell,1,1,0.7056,1,0
validate-actions,microsoft_Web-Dev-For-Beginners_lock__syntax.yml,syntax,syntax,1,2,0.0047,1,0
validate-actions,microsoft_vscode_monaco-editor__registry.yml,registry,unknown_input,1,1,1.5372,1,0
validate-actions,microsoft_vscode_monaco-editor__syntax.yml,syntax,syntax,1,2,0.0037,1,0
validate-actions,microsoft_vscode_telemetry__registry.yml,registry,unknown_input,1,1,1.0396,1,0
validate-actions,microsoft_vscode_telemetry__syntax.yml,syntax,syntax,1,2,0.0046,1,0
validate-actions,mrdoob_three.js_ci__registry.yml,registry,unknown_input,1,1,1.5506,1,0
validate-actions,mrdoob_three.js_ci__syntax.yml,syntax,syntax,1,2,0.0039,1,0
validate-actions,mrdoob_three.js_codeql-code-scanning__registry.yml,registry,unknown_input,1,1,1.1079,1,0
validate-actions,mrdoob_three.js_codeql-code-scanning__syntax.yml,syntax,syntax,1,3,0.0038,1,0
validate-actions,mui_material-ui_vale-action__registry.yml,registry,unknown_input,1,1,1.3118,1,0
validate-actions,mui_material-ui_vale-action__syntax.yml,syntax,syntax,1,2,0.0046,1,0
validate-actions,ohmyzsh_ohmyzsh_project__registry.yml,registry,unknown_input,1,1,0.9904,1,0
validate-actions,ohmyzsh_ohmyzsh_project__syntax.yml,syntax,syntax,1,2,0.0038,1,0
validate-actions,puppeteer_puppeteer_devtools__registry.yml,registry,unknown_input,1,1,3.0606,1,0
validate-actions,puppeteer_puppeteer_devtools__syntax.yml,syntax,syntax,1,2,0.0088,1,0
validate-actions,puppeteer_puppeteer_release-please__execution.yml,execution,nonexistent-seed-job,1,1,0.5932,1,0
validate-actions,puppeteer_puppeteer_release-please__registry.yml,registry,unknown_input,1,1,0.5734,1,0
validate-actions,puppeteer_puppeteer_release-please__schema.yml,schema,shell,1,1,0.5891,1,0
validate-actions,puppeteer_puppeteer_release-please__syntax.yml,syntax,syntax,1,2,0.0044,1,0
validate-actions,storybookjs_storybook_prepare-patch-release__registry.yml,registry,unknown_input,1,1,2.2657,1,0
validate-actions,storybookjs_storybook_prepare-patch-release__syntax.yml,syntax,syntax,1,2,0.0044,1,0
validate-actions,supabase_supabase_docs-last-changed__execution.yml,execution,nonexistent-seed-job,1,1,7.1775,1,0
validate-actions,supabase_supabase_docs-last-changed__registry.yml,registry,unknown_input,1,1,6.3639,1,0
validate-actions,supabase_supabase_docs-last-changed__schema.yml,schema,shell,1,1,16.3797,1,0
validate-actions,supabase_supabase_docs-last-changed__syntax.yml,syntax,syntax,1,2,0.0040,1,0
validate-actions,tauri-apps_tauri_test-cli-js__execution.yml,execution,nonexistent-seed-job,1,1,3.4480,1,0
validate-actions,tauri-apps_tauri_test-cli-js__registry.yml,registry,unknown_input,1,1,13.2760,1,0
validate-actions,tauri-apps_tauri_test-cli-js__schema.yml,schema,shell,1,1,2.6934,1,0
validate-actions,tauri-apps_tauri_test-cli-js__syntax.yml,syntax,syntax,1,2,0.0034,1,0
validate-actions,tensorflow_tensorflow_issue-on-pr-rollback__execution.yml,execution,nonexistent-seed-job,1,1,1.9009,1,0
validate-actions,tensorflow_tensorflow_issue-on-pr-rollback__registry.yml,registry,unknown_input,1,1,1.8231,1,0
validate-actions,tensorflow_tensorflow_issue-on-pr-rollback__schema.yml,schema,shell,1,1,1.3490,1,0
validate-actions,tensorflow_tensorflow_issue-on-pr-rollback__syntax.yml,syntax,syntax,1,2,0.0042,1,0
validate-actions,tensorflow_tensorflow_osv-scanner-scheduled__registry.yml,registry,unknown_input,0,0,0.0032,0,0
validate-actions,tensorflow_tensorflow_osv-scanner-scheduled__syntax.yml,syntax,syntax,1,2,0.0023,1,0
validate-actions,vercel_next.js_rspack-nextjs-build-integration-tests__registry.yml,registry,unknown_input,0,0,0.0024,0,0
validate-actions,vercel_next.js_rspack-nextjs-build-integration-tests__syntax.yml,syntax,syntax,1,2,0.0022,1,0
validate-actions,yt-dlp_yt-dlp_quick-test__registry.yml,registry,unknown_input,1,1,1.8531,1,0
validate-actions,yt-dlp_yt-dlp_quick-test__syntax.yml,syntax,syntax,1,2,0.0035,1,0
actionlint,B_iterative_cml-playground_checks-pr__execution.yml,execution,nonexistent-seed-job,1,1,0.0039,1,0
actionlint,B_iterative_cml-playground_checks-pr__schema.yml,schema,shell,1,1,0.0039,1,0
actionlint,B_iterative_cml-playground_checks-pr__syntax.yml,syntax,syntax,1,1,0.0030,1,0
actionlint,B_iterative_cml-playground_checks-publish__execution.yml,execution,nonexistent-seed-job,1,1,0.0161,1,0
actionlint,B_iterative_cml-playground_checks-publish__schema.yml,schema,shell,1,1,0.0145,1,0
actionlint,B_iterative_cml-playground_checks-publish__syntax.yml,syntax,syntax,1,1,0.0094,1,0
actionlint,C_evidentlyai_evidently-ci-example_local__registry.yml,registry,unknown_input,1,1,0.0084,1,0
actionlint,C_evidentlyai_evidently-ci-example_local__syntax.yml,syntax,syntax,1,1,0.0073,1,0
actionlint,TheAlgorithms_Python_devcontainer_ci__execution.yml,execution,nonexistent-seed-job,1,1,0.0094,1,0
actionlint,TheAlgorithms_Python_devcontainer_ci__registry.yml,registry,unknown_input,0,0,0.0077,0,0
actionlint,TheAlgorithms_Python_devcontainer_ci__schema.yml,schema,shell,1,1,0.0119,1,0
actionlint,TheAlgorithms_Python_devcontainer_ci__syntax.yml,syntax,syntax,1,1,0.0074,1,0
actionlint,TheAlgorithms_Python_sphinx__execution.yml,execution,nonexistent-seed-job,1,1,0.0093,1,0
actionlint,TheAlgorithms_Python_sphinx__registry.yml,registry,unknown_input,1,1,0.0093,1,0
actionlint,TheAlgorithms_Python_sphinx__schema.yml,schema,shell,1,1,0.0107,1,0
actionlint,TheAlgorithms_Python_sphinx__syntax.yml,syntax,syntax,1,1,0.0078,1,0
actionlint,angular_angular_adev-preview-deploy__execution.yml,execution,nonexistent-seed-job,1,1,0.0141,1,0
actionlint,angular_angular_adev-preview-deploy__registry.yml,registry,unknown_input,0,0,0.0119,0,0
actionlint,angular_angular_adev-preview-deploy__schema.yml,schema,shell,1,1,0.0103,1,0
actionlint,angular_angular_adev-preview-deploy__syntax.yml,syntax,syntax,1,1,0.0063,1,0
actionlint,ant-design_ant-design_visual-regression-persist-finish__registry.yml,registry,unknown_input,0,1,0.0049,1,0
actionlint,ant-design_ant-design_visual-regression-persist-finish__syntax.yml,syntax,syntax,1,1,0.0044,1,0
actionlint,axios_axios_ci__execution.yml,execution,nonexistent-seed-job,1,1,0.0142,1,0
actionlint,axios_axios_ci__registry.yml,registry,unknown_input,1,1,0.0126,1,0
actionlint,axios_axios_ci__schema.yml,schema,shell,1,1,0.0065,1,0
actionlint,axios_axios_ci__syntax.yml,syntax,syntax,1,1,0.0047,1,0
actionlint,d3_d3_deploy__execution.yml,execution,nonexistent-seed-job,1,1,0.0126,1,0
actionlint,d3_d3_deploy__registry.yml,registry,unknown_input,1,1,0.0120,1,0
actionlint,d3_d3_deploy__schema.yml,schema,shell,1,1,0.0095,1,0
actionlint,d3_d3_deploy__syntax.yml,syntax,syntax,1,1,0.0067,1,0
actionlint,electron_electron_scorecards__registry.yml,registry,unknown_input,0,0,0.0110,0,0
actionlint,electron_electron_scorecards__syntax.yml,syntax,syntax,1,1,0.0066,1,0
actionlint,excalidraw_excalidraw_test__execution.yml,execution,nonexistent-seed-job,1,1,0.0094,1,0
actionlint,excalidraw_excalidraw_test__registry.yml,registry,unknown_input,1,1,0.0101,1,0
actionlint,excalidraw_excalidraw_test__schema.yml,schema,shell,1,1,0.0103,1,0
actionlint,excalidraw_excalidraw_test__syntax.yml,syntax,syntax,1,1,0.0064,1,0
actionlint,facebook_react_runtime_fuzz_tests__execution.yml,execution,nonexistent-seed-job,1,1,0.0104,1,0
actionlint,facebook_react_runtime_fuzz_tests__registry.yml,registry,unknown_input,1,1,0.0113,1,0
actionlint,facebook_react_runtime_fuzz_tests__schema.yml,schema,shell,1,1,0.0102,1,0
actionlint,facebook_react_runtime_fuzz_tests__syntax.yml,syntax,syntax,1,1,0.0059,1,0
actionlint,facebook_react_shared_cleanup_stale_branch_caches__execution.yml,execution,nonexistent-seed-job,1,1,0.0047,1,0
actionlint,facebook_react_shared_cleanup_stale_branch_caches__schema.yml,schema,shell,1,1,0.0042,1,0
actionlint,facebook_react_shared_cleanup_stale_branch_caches__syntax.yml,syntax,syntax,1,1,0.0040,1,0
actionlint,flutter_flutter_easy-cp__registry.yml,registry,unknown_input,0,0,0.0120,0,0
actionlint,flutter_flutter_easy-cp__syntax.yml,syntax,syntax,1,1,0.0074,1,0
actionlint,flutter_flutter_merge-changelog__execution.yml,execution,nonexistent-seed-job,1,1,0.0087,1,0
actionlint,flutter_flutter_merge-changelog__registry.yml,registry,unknown_input,1,1,0.0130,1,0
actionlint,flutter_flutter_merge-changelog__schema.yml,schema,shell,1,1,0.0165,1,0
actionlint,flutter_flutter_merge-changelog__syntax.yml,syntax,syntax,1,1,0.0085,1,0
actionlint,freeCodeCamp_freeCodeCamp_docker-ghcr__execution.yml,execution,nonexistent-seed-job,1,1,0.0111,1,0
actionlint,freeCodeCamp_freeCodeCamp_docker-ghcr__registry.yml,registry,unknown_input,0,0,0.0104,0,0
actionlint,freeCodeCamp_freeCodeCamp_docker-ghcr__schema.yml,schema,shell,1,1,0.0100,1,0
actionlint,freeCodeCamp_freeCodeCamp_docker-ghcr__syntax.yml,syntax,syntax,1,1,0.0069,1,0
actionlint,freeCodeCamp_freeCodeCamp_i18n-validate-prs__registry.yml,registry,unknown_input,0,0,0.0128,0,0
actionlint,freeCodeCamp_freeCodeCamp_i18n-validate-prs__syntax.yml,syntax,syntax,1,1,0.0108,1,0
actionlint,godotengine_godot_cache_cleanup__syntax.yml,syntax,syntax,1,1,0.0076,1,0
actionlint,huggingface_transformers_self-past-caller__registry.yml,registry,unknown_input,0,0,0.0062,0,0
actionlint,huggingface_transformers_self-past-caller__syntax.yml,syntax,syntax,1,1,0.0050,1,0
actionlint,langchain-ai_langchain_check-broken-links__registry.yml,registry,unknown_input,1,1,0.0113,1,0
actionlint,langchain-ai_langchain_check-broken-links__syntax.yml,syntax,syntax,1,1,0.0080,1,0
actionlint,langflow-ai_langflow_add-labels__execution.yml,execution,nonexistent-seed-job,1,1,0.0130,1,0
actionlint,langflow-ai_langflow_add-labels__registry.yml,registry,unknown_input,0,1,0.0073,1,0
actionlint,langflow-ai_langflow_add-labels__schema.yml,schema,shell,1,1,0.0139,1,0
actionlint,langflow-ai_langflow_add-labels__syntax.yml,syntax,syntax,1,1,0.0072,1,0
actionlint,langflow-ai_langflow_lint-py__registry.yml,registry,unknown_input,1,1,0.0110,1,0
actionlint,langflow-ai_langflow_lint-py__syntax.yml,syntax,syntax,1,1,0.0084,1,0
actionlint,microsoft_PowerToys_dependency-review__execution.yml,execution,nonexistent-seed-job,1,1,0.0116,1,0
actionlint,microsoft_PowerToys_dependency-review__schema.yml,schema,shell,1,1,0.0113,1,0
actionlint,microsoft_PowerToys_dependency-review__syntax.yml,syntax,syntax,1,1,0.0094,1,0
actionlint,microsoft_TypeScript_codeql__registry.yml,registry,unknown_input,0,0,0.0067,0,0
actionlint,microsoft_TypeScript_codeql__schema.yml,schema,shell,1,1,0.0092,1,0
actionlint,microsoft_TypeScript_codeql__syntax.yml,syntax,syntax,1,1,0.0106,1,0
actionlint,microsoft_Web-Dev-For-Beginners_lock__execution.yml,execution,nonexistent-seed-job,1,1,0.0139,1,0
actionlint,microsoft_Web-Dev-For-Beginners_lock__registry.yml,registry,unknown_input,0,0,0.0068,0,0
actionlint,microsoft_Web-Dev-For-Beginners_lock__schema.yml,schema,shell,1,1,0.0127,1,0
actionlint,microsoft_Web-Dev-For-Beginners_lock__syntax.yml,syntax,syntax,1,1,0.0081,1,0
actionlint,microsoft_vscode_monaco-editor__registry.yml,registry,unknown_input,1,1,0.0101,1,0
actionlint,microsoft_vscode_monaco-editor__syntax.yml,syntax,syntax,1,1,0.0065,1,0
actionlint,microsoft_vscode_telemetry__registry.yml,registry,unknown_input,1,1,0.0139,1,0
actionlint,microsoft_vscode_telemetry__syntax.yml,syntax,syntax,1,1,0.0093,1,0
actionlint,mrdoob_three.js_ci__registry.yml,registry,unknown_input,0,0,0.0107,0,0
actionlint,mrdoob_three.js_ci__syntax.yml,syntax,syntax,1,1,0.0067,1,0
actionlint,mrdoob_three.js_codeql-code-scanning__registry.yml,registry,unknown_input,0,0,0.0070,0,0
actionlint,mrdoob_three.js_codeql-code-scanning__syntax.yml,syntax,syntax,1,1,0.0053,1,0
actionlint,mui_material-ui_vale-action__registry.yml,registry,unknown_input,0,0,0.0135,0,0
actionlint,mui_material-ui_vale-action__syntax.yml,syntax,syntax,1,1,0.0076,1,0
actionlint,ohmyzsh_ohmyzsh_project__registry.yml,registry,unknown_input,0,0,0.0110,0,0
actionlint,ohmyzsh_ohmyzsh_project__syntax.yml,syntax,syntax,1,1,0.0062,1,0
actionlint,puppeteer_puppeteer_devtools__registry.yml,registry,unknown_input,0,0,0.0156,0,0
actionlint,puppeteer_puppeteer_devtools__syntax.yml,syntax,syntax,1,1,0.0068,1,0
actionlint,puppeteer_puppeteer_release-please__execution.yml,execution,nonexistent-seed-job,1,1,0.0118,1,0
actionlint,puppeteer_puppeteer_release-please__registry.yml,registry,unknown_input,0,0,0.0106,0,0
actionlint,puppeteer_puppeteer_release-please__schema.yml,schema,shell,1,1,0.0132,1,0
actionlint,puppeteer_puppeteer_release-please__syntax.yml,syntax,syntax,1,1,0.0088,1,0
actionlint,storybookjs_storybook_prepare-patch-release__registry.yml,registry,unknown_input,1,1,0.0118,1,0
actionlint,storybookjs_storybook_prepare-patch-release__syntax.yml,syntax,syntax,1,1,0.0086,1,0
actionlint,supabase_supabase_docs-last-changed__execution.yml,execution,nonexistent-seed-job,1,1,0.0104,1,0
actionlint,supabase_supabase_docs-last-changed__registry.yml,registry,unknown_input,1,1,0.0112,1,0
actionlint,supabase_supabase_docs-last-changed__schema.yml,schema,shell,1,1,0.0133,1,0
actionlint,supabase_supabase_docs-last-changed__syntax.yml,syntax,syntax,1,1,0.0089,1,0
actionlint,tauri-apps_tauri_test-cli-js__execution.yml,execution,nonexistent-seed-job,1,1,0.0094,1,0
actionlint,tauri-apps_tauri_test-cli-js__registry.yml,registry,unknown_input,1,1,0.0108,1,0
actionlint,tauri-apps_tauri_test-cli-js__schema.yml,schema,shell,1,1,0.0084,1,0
actionlint,tauri-apps_tauri_test-cli-js__syntax.yml,syntax,syntax,1,1,0.0062,1,0
actionlint,tensorflow_tensorflow_issue-on-pr-rollback__execution.yml,execution,nonexistent-seed-job,1,1,0.0083,1,0
actionlint,tensorflow_tensorflow_issue-on-pr-rollback__registry.yml,registry,unknown_input,0,0,0.0080,0,0
actionlint,tensorflow_tensorflow_issue-on-pr-rollback__schema.yml,schema,shell,1,1,0.0096,1,0
actionlint,tensorflow_tensorflow_issue-on-pr-rollback__syntax.yml,syntax,syntax,1,1,0.0061,1,0
actionlint,tensorflow_tensorflow_osv-scanner-scheduled__registry.yml,registry,unknown_input,0,0,0.0052,0,0
actionlint,tensorflow_tensorflow_osv-scanner-scheduled__syntax.yml,syntax,syntax,1,1,0.0047,1,0
actionlint,vercel_next.js_rspack-nextjs-build-integration-tests__registry.yml,registry,unknown_input,0,0,0.0042,0,0
actionlint,vercel_next.js_rspack-nextjs-build-integration-tests__syntax.yml,syntax,syntax,1,1,0.0045,1,0
actionlint,yt-dlp_yt-dlp_quick-test__registry.yml,registry,unknown_input,1,1,0.0072,1,0
actionlint,yt-dlp_yt-dlp_quick-test__syntax.yml,syntax,syntax,1,1,0.0060,1,0
