file,layer,source_file,expected_finding,source_test
d3_d3_deploy__syntax.yml,syntax,d3_d3_deploy.yml,syntax,seed_syntax
d3_d3_deploy__schema.yml,schema,d3_d3_deploy.yml,shell,seed_schema
d3_d3_deploy__registry.yml,registry,d3_d3_deploy.yml,unknown_input,seed_registry
d3_d3_deploy__execution.yml,execution,d3_d3_deploy.yml,nonexistent-seed-job,seed_execution
TheAlgorithms_Python_sphinx__syntax.yml,syntax,TheAlgorithms_Python_sphinx.yml,syntax,seed_syntax
TheAlgorithms_Python_sphinx__schema.yml,schema,TheAlgorithms_Python_sphinx.yml,shell,seed_schema
TheAlgorithms_Python_sphinx__registry.yml,registry,TheAlgorithms_Python_sphinx.yml,unknown_input,seed_registry
TheAlgorithms_Python_sphinx__execution.yml,execution,TheAlgorithms_Python_sphinx.yml,nonexistent-seed-job,seed_execution
ant-design_ant-design_visual-regression-persist-finish__syntax.yml,syntax,ant-design_ant-design_visual-regression-persist-finish.yml,syntax,seed_syntax
ant-design_ant-design_visual-regression-persist-finish__registry.yml,registry,ant-design_ant-design_visual-regression-persist-finish.yml,unknown_input,seed_registry
storybookjs_storybook_prepare-patch-release__syntax.yml,syntax,storybookjs_storybook_prepare-patch-release.yml,syntax,seed_syntax
storybookjs_storybook_prepare-patch-release__registry.yml,registry,storybookjs_storybook_prepare-patch-release.yml,unknown_input,seed_registry
microsoft_vscode_monaco-editor__syntax.yml,syntax,microsoft_vscode_monaco-editor.yml,syntax,seed_syntax
microsoft_vscode_monaco-editor__registry.yml,registry,microsoft_vscode_monaco-editor.yml,unknown_input,seed_registry
godotengine_godot_cache_cleanup__syntax.yml,syntax,godotengine_godot_cache_cleanup.yml,syntax,seed_syntax
C_evidentlyai_evidently-ci-example_local__syntax.yml,syntax,C_evidentlyai_evidently-ci-example_local.yml,syntax,seed_syntax
C_evidentlyai_evidently-ci-example_local__registry.yml,registry,C_evidentlyai_evidently-ci-example_local.yml,unknown_input,seed_registry
microsoft_vscode_telemetry__syntax.yml,syntax,microsoft_vscode_telemetry.yml,syntax,seed_syntax
microsoft_vscode_telemetry__registry.yml,registry,microsoft_vscode_telemetry.yml,unknown_input,seed_registry
excalidraw_excalidraw_test__syntax.yml,syntax,excalidraw_excalidraw_test.yml,syntax,seed_syntax
excalidraw_excalidraw_test__schema.yml,schema,excalidraw_excalidraw_test.yml,shell,seed_schema
excalidraw_excalidraw_test__registry.yml,registry,excalidraw_excalidraw_test.yml,unknown_input,seed_registry
excalidraw_excalidraw_test__execution.yml,execution,excalidraw_excalidraw_test.yml,nonexistent-seed-job,seed_execution
facebook_react_runtime_fuzz_tests__syntax.yml,syntax,facebook_react_runtime_fuzz_tests.yml,syntax,seed_syntax
facebook_react_runtime_fuzz_tests__schema.yml,schema,facebook_react_runtime_fuzz_tests.yml,shell,seed_schema
facebook_react_runtime_fuzz_tests__registry.yml,registry,facebook_react_runtime_fuzz_tests.yml,unknown_input,seed_registry
facebook_react_runtime_fuzz_tests__execution.yml,execution,facebook_react_runtime_fuzz_tests.yml,nonexistent-seed-job,seed_execution
langchain-ai_langchain_check-broken-links__syntax.yml,syntax,langchain-ai_langchain_check-broken-links.yml,syntax,seed_syntax
langchain-ai_langchain_check-broken-links__registry.yml,registry,langchain-ai_langchain_check-broken-links.yml,unknown_input,seed_registry
huggingface_transformers_self-past-caller__syntax.yml,syntax,huggingface_transformers_self-past-caller.yml,syntax,seed_syntax
huggingface_transformers_self-past-caller__registry.yml,registry,huggingface_transformers_self-past-caller.yml,unknown_input,seed_registry
langflow-ai_langflow_lint-py__syntax.yml,syntax,langflow-ai_langflow_lint-py.yml,syntax,seed_syntax
langflow-ai_langflow_lint-py__registry.yml,registry,langflow-ai_langflow_lint-py.yml,unknown_input,seed_registry
ohmyzsh_ohmyzsh_project__syntax.yml,syntax,ohmyzsh_ohmyzsh_project.yml,syntax,seed_syntax
ohmyzsh_ohmyzsh_project__registry.yml,registry,ohmyzsh_ohmyzsh_project.yml,unknown_input,seed_registry
angular_angular_adev-preview-deploy__syntax.yml,syntax,angular_angular_adev-preview-deploy.yml,syntax,seed_syntax
angular_angular_adev-preview-deploy__schema.yml,schema,angular_angular_adev-preview-deploy.yml,shell,seed_schema
angular_angular_adev-preview-deploy__registry.yml,registry,angular_angular_adev-preview-deploy.yml,unknown_input,seed_registry
angular_angular_adev-preview-deploy__execution.yml,execution,angular_angular_adev-preview-deploy.yml,nonexistent-seed-job,seed_execution
microsoft_PowerToys_dependency-review__syntax.yml,syntax,microsoft_PowerToys_dependency-review.yml,syntax,seed_syntax
microsoft_PowerToys_dependency-review__schema.yml,schema,microsoft_PowerToys_dependency-review.yml,shell,seed_schema
microsoft_PowerToys_dependency-review__execution.yml,execution,microsoft_PowerToys_dependency-review.yml,nonexistent-seed-job,seed_execution
freeCodeCamp_freeCodeCamp_i18n-validate-prs__syntax.yml,syntax,freeCodeCamp_freeCodeCamp_i18n-validate-prs.yml,syntax,seed_syntax
freeCodeCamp_freeCodeCamp_i18n-validate-prs__registry.yml,registry,freeCodeCamp_freeCodeCamp_i18n-validate-prs.yml,unknown_input,seed_registry
tauri-apps_tauri_test-cli-js__syntax.yml,syntax,tauri-apps_tauri_test-cli-js.yml,syntax,seed_syntax
tauri-apps_tauri_test-cli-js__schema.yml,schema,tauri-apps_tauri_test-cli-js.yml,shell,seed_schema
tauri-apps_tauri_test-cli-js__registry.yml,registry,tauri-apps_tauri_test-cli-js.yml,unknown_input,seed_registry
tauri-apps_tauri_test-cli-js__execution.yml,execution,tauri-apps_tauri_test-cli-js.yml,nonexistent-seed-job,seed_execution
electron_electron_scorecards__syntax.yml,syntax,electron_electron_scorecards.yml,syntax,seed_syntax
electron_electron_scorecards__registry.yml,registry,electron_electron_scorecards.yml,unknown_input,seed_registry
supabase_supabase_docs-last-changed__syntax.yml,syntax,supabase_supabase_docs-last-changed.yml,syntax,seed_syntax
supabase_supabase_docs-last-changed__schema.yml,schema,supabase_supabase_docs-last-changed.yml,shell,seed_schema
supabase_supabase_docs-last-changed__registry.yml,registry,supabase_supabase_docs-last-changed.yml,unknown_input,seed_registry
supabase_supabase_docs-last-changed__execution.yml,execution,supabase_supabase_docs-last-changed.yml,nonexistent-seed-job,seed_execution
puppeteer_puppeteer_release-please__syntax.yml,syntax,puppeteer_puppeteer_release-please.yml,syntax,seed_syntax
puppeteer_puppeteer_release-please__schema.yml,schema,puppeteer_puppeteer_release-please.yml,shell,seed_schema
puppeteer_puppeteer_release-please__registry.yml,registry,puppeteer_puppeteer_release-please.yml,unknown_input,seed_registry
puppeteer_puppeteer_release-please__execution.yml,execution,puppeteer_puppeteer_release-please.yml,nonexistent-seed-job,seed_execution
mrdoob_three.js_ci__syntax.yml,syntax,mrdoob_three.js_ci.yml,syntax,seed_syntax
mrdoob_three.js_ci__registry.yml,registry,mrdoob_three.js_ci.yml,unknown_input,seed_registry
axios_axios_ci__syntax.yml,syntax,axios_axios_ci.yml,syntax,seed_syntax
axios_axios_ci__schema.yml,schema,axios_axios_ci.yml,shell,seed_schema
axios_axios_ci__registry.yml,registry,axios_axios_ci.yml,unknown_input,seed_registry
axios_axios_ci__execution.yml,execution,axios_axios_ci.yml,nonexistent-seed-job,seed_execution
facebook_react_shared_cleanup_stale_branch_caches__syntax.yml,syntax,facebook_react_shared_cleanup_stale_branch_caches.yml,syntax,seed_syntax
facebook_react_shared_cleanup_stale_branch_caches__schema.yml,schema,facebook_react_shared_cleanup_stale_branch_caches.yml,shell,seed_schema
facebook_react_shared_cleanup_stale_branch_caches__execution.yml,execution,facebook_react_shared_cleanup_stale_branch_caches.yml,nonexistent-seed-job,seed_execution
TheAlgorithms_Python_devcontainer_ci__syntax.yml,syntax,TheAlgorithms_Python_devcontainer_ci.yml,syntax,seed_syntax
TheAlgorithms_Python_devcontainer_ci__schema.yml,schema,TheAlgorithms_Python_devcontainer_ci.yml,shell,seed_schema
TheAlgorithms_Python_devcontainer_ci__registry.yml,registry,TheAlgorithms_Python_devcontainer_ci.yml,unknown_input,seed_registry
TheAlgorithms_Python_devcontainer_ci__execution.yml,execution,TheAlgorithms_Python_devcontainer_ci.yml,nonexistent-seed-job,seed_execution
microsoft_Web-Dev-For-Beginners_lock__syntax.yml,syntax,microsoft_Web-Dev-For-Beginners_lock.yml,syntax,seed_syntax
microsoft_Web-Dev-For-Beginners_lock__schema.yml,schema,microsoft_Web-Dev-For-Beginners_lock.yml,shell,seed_schema
microsoft_Web-Dev-For-Beginners_lock__registry.yml,registry,microsoft_Web-Dev-For-Beginners_lock.yml,unknown_input,seed_registry
microsoft_Web-Dev-For-Beginners_lock__execution.yml,execution,microsoft_Web-Dev-For-Beginners_lock.yml,nonexistent-seed-job,seed_execution
tensorflow_tensorflow_issue-on-pr-rollback__syntax.yml,syntax,tensorflow_tensorflow_issue-on-pr-rollback.yml,syntax,seed_syntax
tensorflow_tensorflow_issue-on-pr-rollback__schema.yml,schema,tensorflow_tensorflow_issue-on-pr-rollback.yml,shell,seed_schema
tensorflow_tensorflow_issue-on-pr-rollback__registry.yml,registry,tensorflow_tensorflow_issue-on-pr-rollback.yml,unknown_input,seed_registry
tensorflow_tensorflow_issue-on-pr-rollback__execution.yml,execution,tensorflow_tensorflow_issue-on-pr-rollback.yml,nonexistent-seed-job,seed_execution
mrdoob_three.js_codeql-code-scanning__syntax.yml,syntax,mrdoob_three.js_codeql-code-scanning.yml,syntax,seed_syntax
mrdoob_three.js_codeql-code-scanning__registry.yml,registry,mrdoob_three.js_codeql-code-scanning.yml,unknown_input,seed_registry
freeCodeCamp_freeCodeCamp_docker-ghcr__syntax.yml,syntax,freeCodeCamp_freeCodeCamp_docker-ghcr.yml,syntax,seed_syntax
freeCodeCamp_freeCodeCamp_docker-ghcr__schema.yml,schema,freeCodeCamp_freeCodeCamp_docker-ghcr.yml,shell,seed_schema
freeCodeCamp_freeCodeCamp_docker-ghcr__registry.yml,registry,freeCodeCamp_freeCodeCamp_docker-ghcr.yml,unknown_input,seed_registry
freeCodeCamp_freeCodeCamp_docker-ghcr__execution.yml,execution,freeCodeCamp_freeCodeCamp_docker-ghcr.yml,nonexistent-seed-job,seed_execution
vercel_next.js_rspack-nextjs-build-integration-tests__syntax.yml,syntax,vercel_next.js_rspack-nextjs-build-integration-tests.yml,syntax,seed_syntax
vercel_next.js_rspack-nextjs-build-integration-tests__registry.yml,registry,vercel_next.js_rspack-nextjs-build-integration-tests.yml,unknown_input,seed_registry
yt-dlp_yt-dlp_quick-test__syntax.yml,syntax,yt-dlp_yt-dlp_quick-test.yml,syntax,seed_syntax
yt-dlp_yt-dlp_quick-test__registry.yml,registry,yt-dlp_yt-dlp_quick-test.yml,unknown_input,seed_registry
puppeteer_puppeteer_devtools__syntax.yml,syntax,puppeteer_puppeteer_devtools.yml,syntax,seed_syntax
puppeteer_puppeteer_devtools__registry.yml,registry,puppeteer_puppeteer_devtools.yml,unknown_input,seed_registry
tensorflow_tensorflow_osv-scanner-scheduled__syntax.yml,syntax,tensorflow_tensorflow_osv-scanner-scheduled.yml,syntax,seed_syntax
tensorflow_tensorflow_osv-scanner-scheduled__registry.yml,registry,tensorflow_tensorflow_osv-scanner-scheduled.yml,unknown_input,seed_registry
flutter_flutter_easy-cp__syntax.yml,syntax,flutter_flutter_easy-cp.yml,syntax,seed_syntax
flutter_flutter_easy-cp__registry.yml,registry,flutter_flutter_easy-cp.yml,unknown_input,seed_registry
langflow-ai_langflow_add-labels__syntax.yml,syntax,langflow-ai_langflow_add-labels.yml,syntax,seed_syntax
langflow-ai_langflow_add-labels__schema.yml,schema,langflow-ai_langflow_add-labels.yml,shell,seed_schema
langflow-ai_langflow_add-labels__registry.yml,registry,langflow-ai_langflow_add-labels.yml,unknown_input,seed_registry
langflow-ai_langflow_add-labels__execution.yml,execution,langflow-ai_langflow_add-labels.yml,nonexistent-seed-job,seed_execution
B_iterative_cml-playground_checks-pr__syntax.yml,syntax,B_iterative_cml-playground_checks-pr.yml,syntax,seed_syntax
B_iterative_cml-playground_checks-pr__schema.yml,schema,B_iterative_cml-playground_checks-pr.yml,shell,seed_schema
B_iterative_cml-playground_checks-pr__execution.yml,execution,B_iterative_cml-playground_checks-pr.yml,nonexistent-seed-job,seed_execution
B_iterative_cml-playground_checks-publish__syntax.yml,syntax,B_iterative_cml-playground_checks-publish.yml,syntax,seed_syntax
B_iterative_cml-playground_checks-publish__schema.yml,schema,B_iterative_cml-playground_checks-publish.yml,shell,seed_schema
B_iterative_cml-playground_checks-publish__execution.yml,execution,B_iterative_cml-playground_checks-publish.yml,nonexistent-seed-job,seed_execution
mui_material-ui_vale-action__syntax.yml,syntax,mui_material-ui_vale-action.yml,syntax,seed_syntax
mui_material-ui_vale-action__registry.yml,registry,mui_material-ui_vale-action.yml,unknown_input,seed_registry
microsoft_TypeScript_codeql__syntax.yml,syntax,microsoft_TypeScript_codeql.yml,syntax,seed_syntax
microsoft_TypeScript_codeql__schema.yml,schema,microsoft_TypeScript_codeql.yml,shell,seed_schema
microsoft_TypeScript_codeql__registry.yml,registry,microsoft_TypeScript_codeql.yml,unknown_input,seed_registry
flutter_flutter_merge-changelog__syntax.yml,syntax,flutter_flutter_merge-changelog.yml,syntax,seed_syntax
flutter_flutter_merge-changelog__schema.yml,schema,flutter_flutter_merge-changelog.yml,shell,seed_schema
flutter_flutter_merge-changelog__registry.yml,registry,flutter_flutter_merge-changelog.yml,unknown_input,seed_registry
flutter_flutter_merge-changelog__execution.yml,execution,flutter_flutter_merge-changelog.yml,nonexistent-seed-job,seed_execution
